author_id,created_at,text
115723,2025-07-25T09:29:26.387306,"@VerizonSupport Don‚Äôt know, router is downstairs. But it‚Äôs just the WiFi Nothing connected to Ethernet"
115723,2025-07-25T09:29:26.555410,@VerizonSupport Just randomly boots me offline there it goes again
115723,2025-07-25T09:29:26.729303,@VerizonSupport Yep
115723,2025-07-25T09:29:26.904555,@VerizonSupport Cuts out every 20 minutes this is ridiculous
115723,2025-07-25T09:29:27.079989,@115722 is the worst ISP I‚Äôve ever had
115724,2025-07-25T09:29:27.253331,".@VerizonSupport @115725 @115726                                                 &gt;All of VERIZON IS DOWN&lt;
When can we expect a fix ?"
115729,2025-07-25T09:29:27.869937,@ChipotleTweets messed up today and didn‚Äôt give me my $3 burrito although I was dressed up üò≠
115733,2025-07-25T09:29:28.759070,"@ChipotleTweets If you get queso or quac on you're bowl, its extra?"
115738,2025-07-25T09:29:29.988085,"Every year, my trick-or-treating routine is walking to Chipotle, spending 3 dollars and walking back home. @ChipotleTweets"
115739,2025-07-25T09:29:30.163527,@ChipotleTweets this is nasty. A used napkin in someone's food https://t.co/EkWiD9vhnr
115746,2025-07-25T09:29:31.746825,@AskPlayStation can i block a community from sending me invites to something i dont want to join
115747,2025-07-25T09:29:31.919489,We had to have a Count Colin üíõ @marksandspencer xx... https://t.co/HVWkevFsKB
115749,2025-07-25T09:29:32.268048,@marksandspencer Raw meat!!!! It‚Äôs does not say unwrapped raw meat!!! Sainsbury‚Äôs don‚Äôt charge nor do Waitrose so y do you?!
115749,2025-07-25T09:29:32.446909,@marksandspencer I check with the Gov office and legal. They stated you are not right. But it‚Äôs funny how the other stores don‚Äôt but you do. No wonder Lidl and the rest are beating you.
115749,2025-07-25T09:29:32.533000,"@marksandspencer ou must charge at least 5p a bag (including VAT) for carrier bags that are all of the following:

unused - it‚Äôs new and hasn‚Äôt already been used for sold goods to be taken away or delivered
plastic and 70 microns thick or less
it has handles, an opening and isn‚Äôt sealed"
115749,2025-07-25T09:29:32.622987,"@marksandspencer aren‚Äôt require charge 4 a bag:
paper bags
shops in airports, or on board trains, aeroplanes or ships
bags which only contain certain items, such as unwrapped food, raw meat and fish where there is a food safety risk, prescription medicines, uncovered blades, seeds, bulbs &amp; üå∑s"
115749,2025-07-25T09:29:32.712908,@marksandspencer y do they charge you for a meat bag at colliers woods branch. If you buy meat you r required to supply customers a free bag. Poor service.
MicrosoftHelps,2025-07-25T09:29:32.973365,"@115751 Hello, Josh! To get better assistance and support, we suggest that you post a tweet or DM our friends from @XboxSupport."
115751,2025-07-25T09:29:33.060899,"@MicrosoftHelps @XboxSupport Brilliant, thank you!"
115751,2025-07-25T09:29:33.150900,"@MicrosoftHelps hi, having trouble making purchases on Xbox one store for fifa points, can you help?"
MicrosoftHelps,2025-07-25T09:29:33.235824,@115752 Help is here. To assist you in recovering your account we recommend that you contact our Answer desk team: https://t.co/7zSM1QXPMD.
115756,2025-07-25T09:29:33.675370,@ATVIAssist @115755 I'm trying to buy the digital deluxe edition on the ps store but I keep receiving an error message
115755,2025-07-25T09:29:33.854899,@ATVIAssist Thanks
115755,2025-07-25T09:29:34.033854,@ATVIAssist can you still pre oder ww2 on the playstation store
115767,2025-07-25T09:29:36.067612,"@AdobeCare Didn't work. Tried it on another computer, fresh install, same thing..."
115767,2025-07-25T09:29:36.241110,@AdobeCare sure thing
115767,2025-07-25T09:29:36.325187,@AdobeCare the ctrl+alt+shift on load method didn't work. (2/2)
115767,2025-07-25T09:29:36.501046,@AdobeCare Pretty much explained my issue in the quoted tweet... dragging an image onto a canvas no longer center snaps it...
115767,2025-07-25T09:29:36.678155,Any help here @AdobeCare? https://t.co/x50e57UG4E
AmazonHelp,2025-07-25T09:29:38.329526,@115770 „Åì„Çì„Å´„Å°„ÅØ„ÄÅ„Ç¢„Éû„Çæ„É≥ÂÖ¨Âºè„Åß„Åô„ÄÇFire TV Stick„ÅåË¶ã„Çå„Å™„ÅÑ„Å®„ÅÑ„ÅÜ„ÅÆ„ÅØ„ÄÅ„Å©„ÅÆ„Çà„ÅÜ„Å™Áä∂Ê≥Å„Åß„Åó„Çá„ÅÜ„Åã„ÄÇ‰∏ÄËà¨ÁöÑ„Å™„Éà„É©„Éñ„É´„Ç∑„É•„Éº„ÉÜ„Ç£„É≥„Ç∞„ÇíË®òËºâ„Åó„Åü„Éò„É´„Éó„Åå„Åî„Åñ„ÅÑ„Åæ„Åô„ÅÆ„Åß„ÄÅ„ÅîÂèÇÁÖß„Åè„Å†„Åï„ÅÑ„ÄÇhttps://t.co/2pbG55qJ7h ET
115770,2025-07-25T09:29:38.415944,"@AmazonHelp „ÅÇ„Çä„Åå„Å®„ÅÜ„Åî„Åñ„ÅÑ„Åæ„Åô„ÄÇ
‰ªä„ÄÅÈõªË©±„Åß‰∏ª‰∫∫„ÅåÂØæÂøú„Åó„Å¶„ÅÑ„Åü„Å†„ÅÑ„Å¶„Åæ„Åô„ÄÇ"
115770,2025-07-25T09:29:38.503091,"@AmazonHelp ÈõªË©±„ÅßÂØæÂøú„Åó„Å¶„ÇÇ„Çâ„ÅÑ„Åæ„Åó„Åü„ÅåÊîπËâØ„Åï„Çå„Åæ„Åõ„Çì„Åß„Åó„Åü„ÄÇ
‰øùË®ºÊúüÈñì„ÇÇÈÅé„Åé„Å¶„Çã„ÅÆ„ÅßË≤∑„ÅÑÁõ¥„Åó„Å´„Å™„Çã„Çì„Åß„Åó„Çá„ÅÜ„Å≠„ÄÇ"
AmazonHelp,2025-07-25T09:29:38.592011,@115770 „Ç´„Çπ„Çø„Éû„Éº„Çµ„Éº„Éì„Çπ„Å´„Å¶„ÅäÂïè„ÅÑÂêà„Çè„ÅõÊ∏à„Åø„Å®„ÅÆ„Åì„Å®„Åß„ÄÅ„ÅäÊâãÊï∞„Çí„Åä„Åã„Åë„ÅÑ„Åü„Åó„Åæ„Åó„Åü„ÄÇ„É™„Éó„É©„Ç§„ÅÑ„Åü„Å†„Åç„ÅÇ„Çä„Åå„Å®„ÅÜ„Åî„Åñ„ÅÑ„Åæ„Åó„Åü„ÄÇET
115770,2025-07-25T09:29:38.677336,@AmazonHelp „Åì„Å°„Çâ„Åì„Åù„ÅÇ„Çä„Åå„Å®„ÅÜ„Åî„Åñ„ÅÑ„Åæ„Åó„Åü„ÄÇ
AmazonHelp,2025-07-25T09:29:38.762679,@115770 ÊÅê„ÇåÂÖ•„Çä„Åæ„Åô„ÄÇËá≥„Çâ„Å™„ÅÑÁÇπ„ÇÇÂ§ö„ÄÖ„ÅÇ„Çã„Åã„Å®„ÅØÂ≠ò„Åò„Åæ„Åô„Åå„ÄÅ‰ªäÂæå„Å®„ÇÇ„Å©„ÅÜ„Åû„Çà„Çç„Åó„Åè„ÅäÈ°ò„ÅÑ„Åó„Åæ„Åô„ÄÇET
115770,2025-07-25T09:29:38.847831,amazon„ÅÆfireTVstick„ÅåË¶ã„Çå„Å™„ÅÑüò¢
115772,2025-07-25T09:29:39.205504,@115769 Did u release an update today for Lightroom Classic CC?
115773,2025-07-25T09:29:39.385371,"Please tell me why my @115769 has expired, but I‚Äôm still being charged????"
115780,2025-07-25T09:29:40.522553,@115777 your online forum is always broken even when I clear my cookies. https://t.co/dDwRPWnm3t
115785,2025-07-25T09:29:41.753061,@XboxSupport They have no info either..
115785,2025-07-25T09:29:41.930155,@XboxSupport Lol so there's no one @115786 who can say when they're going to be shipped...? That's kinda weird
115785,2025-07-25T09:29:42.016726,@XboxSupport @115786 When someone @115786 or @15913 @115787 @115788 knows when the xbox one x ships let us know.  Lol shouldn't b a mystery..
115785,2025-07-25T09:29:42.191791,"@XboxSupport @115786 Kinda need to make sure I have 680$ cdn in my bank, so would be nice to know.. I dun just have cash laying around ya know #RealLifeStruggles"
115785,2025-07-25T09:29:42.276897,@XboxSupport @115786 Already did they had me call and no one can answer the question.  I'm not trying to be a jerk but it's nuts no one has a answer..
115785,2025-07-25T09:29:42.361461,@XboxSupport @115786 @115787 @15913 Would like to know so I can make sure I have enough money for it...
115785,2025-07-25T09:29:42.450417,@XboxSupport @115786 @115787 @15913 can anyone let me know when our pre orders are going to be shipped for xbox one x??
115791,2025-07-25T09:29:42.804252,@XboxSupport This is what's on my screen? Not sure if it's Xbox side or my5 side that's broken? Last time it was my5 as had to call head office about it! https://t.co/jnMIVOlNbS
115791,2025-07-25T09:29:42.889890,"@1520 @XboxSupport  the 5 app on Xboxes not working error code 200, done a power cycle and still the same? Please fix app"
AmazonHelp,2025-07-25T09:29:42.974885,@115792 „Åî‰∏ç‰æø„Çí„Åä„Åã„Åë„Åó„Å¶„Åä„Çä„Åæ„Åô„ÄÇ„Ç¢„Éó„É™„Çí„ÅîÂà©Áî®„Åß„Åó„Çá„ÅÜ„Åã„ÄÇÂº∑Âà∂ÂÅúÊ≠¢&gt;Á´ØÊú´„ÅÆÂÜçËµ∑Âãï„Å´„Å¶ÊîπÂñÑ„Åô„ÇãÂ†¥Âêà„Åå„Åî„Åñ„ÅÑ„Åæ„Åô„ÅÆ„Åß„ÄÅ„ÅäË©¶„Åó„Åè„Å†„Åï„ÅÑ„ÄÇÊîπÂñÑ„Åó„Å™„ÅÑÂ†¥Âêà„ÅØ„ÄÅÁä∂Ê≥Å„ÇíÁ¢∫Ë™ç„Åó„ÅîÊ°àÂÜÖ„Åï„Åõ„Å¶„ÅÑ„Åü„Å†„Åç„Åæ„Åô„ÅÆ„Åß„Åì„Å°„Çâ„Åã„Çâ„Ç´„Çπ„Çø„Éû„Éº„Çµ„Éº„Éì„Çπ„Åæ„Åß„ÅîÈÄ£Áµ°„Åè„Å†„Åï„ÅÑ„ÄÇhttps://t.co/NtNAX2Qh2u ET
115792,2025-07-25T09:29:43.059252,amazon„Éó„É©„Ç§„É†„Éì„Éá„Ç™„ÄÅÂÜçÁîü„Ç®„É©„Éº„ÅåÂ§ö„ÅÑ„Åß„Åô
115793,2025-07-25T09:29:43.232354,"@115794 @115795 my colleagues @nationalrailenq for more info on how this is affecting services, thanks. 2/2 ^JP"
115798,2025-07-25T09:29:44.814075,"Lost your booking number? No worries, just drop me the passenger's name, flight details and email. I'll trace it and email u in no time :)"
115799,2025-07-25T09:29:44.986596,"@AirAsiaSupport Hi Yana, followed!"
115799,2025-07-25T09:29:45.162721,@AirAsiaSupport Hi Yana I don‚Äôt have any DMs from you. Did you mean email?
115799,2025-07-25T09:29:45.339363,@AirAsiaSupport CAS-19708536-CB92N2 CRM:0326600 Please check on this I haven't heard from my case officer in weeks and provided all docs.
115801,2025-07-25T09:29:45.608054,@115802 @AirAsiaSupport Why are you not refunding my trip to Bali for Volcano eruption!!! Urgently refund!!
115803,2025-07-25T09:29:46.139332,@Morrisons My lips are sealed üòã
115803,2025-07-25T09:29:46.309174,"@Morrisons Aahhrrgh! Keep mum, I‚Äôm still watching üòÑ"
115803,2025-07-25T09:29:46.485018,"@Morrisons Aww, Sophie deserved winner üëèüòÑ"
115803,2025-07-25T09:29:46.570575,Fresh cream palmier @Morrisons bakery Bellshill gets my vote for #star baker üë®‚Äçüç≥üòòüòãüíójust catching up on #gbbo17 don‚Äôt know who won yet üòÑ
115804,2025-07-25T09:29:46.741401,"@Morrisons That's pointless as it's every day, all the time. No matter when I go in. I speak 2the management who r as fed up as I am. They've no staff."
115804,2025-07-25T09:29:46.997895,@Morrisons so fed up of this very familiar sight at Houghton Regis. Get more staff &amp; stock the place properly. This is just a small example https://t.co/CummsXx7jc
115805,2025-07-25T09:29:47.167089,"@Morrisons 3 for ¬£6, unless one is reduced (hidden label on the side!) then it‚Äôs 3 for ¬£6.14. Don‚Äôt care about the 14p but feel ripped off! https://t.co/jG0fTncMDr"
115806,2025-07-25T09:29:47.426645,@NikeSupport Thank you nike
115806,2025-07-25T09:29:47.604906,"@NikeSupport I'm new to nike+ run club app,  should i start with guided runs or my couch?"
AskAmex,2025-07-25T09:29:47.773633,@115807 What exactly is the issue you are having?
AskAmex,2025-07-25T09:29:47.945134,"@115807 Apologies for all of the issues. If you have time to chat securely with me, I would be happy to review. ^Rachel"
AskAmex,2025-07-25T09:29:48.117634,@115807 Great. Please go to https://t.co/crJMnNwi0H log in and select code 10307  and we will continue our conversation there. ^RK
AskAmex,2025-07-25T09:29:48.289979,@115807 I am so sorry to hear that. Which U.S. based card do you have? Pls do not share any personal info.
AskAmex,2025-07-25T09:29:48.464173,"@115807 Hi there, I am so sorry to her that. what exactly is the issue you are having?"
McDonalds,2025-07-25T09:29:48.636565,@115808 It‚Äôs getting all sorts of saucy over here this #Halloween. #TrickorTweet https://t.co/aNlYZYvL1U
McDonalds,2025-07-25T09:29:48.811892,So what‚Äôll it be this #Halloween: a trick or a treat? Let us know below. #TrickorTweet https://t.co/xwjAZp0C2v
McDonalds,2025-07-25T09:29:48.899730,"@115809 Our heart‚Äôs beating faster over here, and it‚Äôs not from all the scares. #TrickorTweet https://t.co/Wte8FLiFJ7"
McDonalds,2025-07-25T09:29:49.072029,@115810 Chocolate chip cookies + McFlurry = everything you‚Äôve ever been missing. #TrickorTweet https://t.co/4YfWChLNKT
YahooCare,2025-07-25T09:29:49.247660,@115811 Hi - are you receiving an error message when trying to link the account?
AskLyft,2025-07-25T09:29:49.424991,"@115813 Hi there, thanks for reaching out. Please send us a DM so we can continue our conversation. https://t.co/SXpdictw1A"
115815,2025-07-25T09:29:49.861451,@115816 that small biz tyrant a dime yo. nice @115817
Delta,2025-07-25T09:29:50.032422,"@115818 Glad to check. Pls, DM your confirmation number for assistance.  *QB https://t.co/6iDGBJAc2m"
McDonalds,2025-07-25T09:29:50.295463,@115819 Don't forget - this Sunday is Bring Your Grandma to McDonald's Day. See you then!
115819,2025-07-25T09:29:50.382009,@McDonalds My granny will be attending @ the McD‚Äôs in Heaven!  Would give anything to be able to bring her myself!
115819,2025-07-25T09:29:50.467622,My grandma's laying #Poolside thanks to @McDonalds delicious New #ButtermilkCrispyTenders https://t.co/4sy9hatKTi
AmazonHelp,2025-07-25T09:29:50.553466,"@115820 I'm sorry we've let you down! Without providing any personal information, will you describe the issue? We'd love to help. ^TN"
115820,2025-07-25T09:29:50.638432,"@AmazonHelp 3 different people have given 3 different answers and I still don't have my order. Says delivered Saturday, was not, I was home all day"
AmazonHelp,2025-07-25T09:29:50.724593,@115820 We'd like to take a further look into this with you! Please reach us by phone or chat here: https://t.co/hApLpMlfHN ^AG
115820,2025-07-25T09:29:50.814131,"@AmazonHelp I frankly don't have the patience for another chat with your ""customer service"" people today."
115820,2025-07-25T09:29:50.901771,Way to drop the ball on customer service @115821 so pissed right now!
AmazonHelp,2025-07-25T09:29:50.986811,"@115822 I am unable to affect your account via Twitter. For real time support, phone or chat use this link: https://t.co/hApLpMlfHN ^CH"
AmazonHelp,2025-07-25T09:29:51.162408,"@115824 Hi, wir erhalten die Filme/Serien so vom jeweiligen Studio. Gebe ich aber direkt als Feedback dorthin weiter. Gru√ü ^JS"
115824,2025-07-25T09:29:51.249344,"@AmazonHelp Okay, danke f√ºr die Info"
AmazonHelp,2025-07-25T09:29:51.334320,@115824 Wir haben zu danken. Sch√∂nen Abend noch. ^JS
115824,2025-07-25T09:29:51.420122,"@115825 also, beim Addams Family-Film in Prime sind Bild und Ton nicht wirklich synchron. Wie kommt's?"
AmazonHelp,2025-07-25T09:29:51.507575,@115826 I'm sorry for the wait. You'll receive an email as soon as we have an estimated delivery date. ^FJ
AmazonHelp,2025-07-25T09:29:51.682804,@115827 Thanks for your patience. ^KM
115826,2025-07-25T09:29:51.771923,@115828 How about you guys figure out my Xbox One X project Scorpio edition first. No expected delivery or shipping date and it‚Äôs only a week away
115828,2025-07-25T09:29:51.860907,PLAYERUNKNOWN'S BATTLEGROUNDS is now available for preorder on Xbox One consoles - https://t.co/bqLHcBDqAb https://t.co/muLIqeHq0o
AmazonHelp,2025-07-25T09:29:51.950318,@115829 I'm sorry your order arrived in this condition! Please reach out to us for available options: https://t.co/JzP7hlA23B ^DG
AmazonHelp,2025-07-25T09:29:52.123634,@115831 I'm sorry for the wait. Please reach out to us so we can take a closer look at this delivery: https://t.co/JzP7hlA23B ^SH
AmazonHelp,2025-07-25T09:29:52.298469,@115832 Alexa says both styles are working for you! My vote goes to the Flamingo look! ^SE
AmazonHelp,2025-07-25T09:29:52.477423,@115834 Were you able to reach us at the link DW provided? ^TR
AmazonHelp,2025-07-25T09:29:52.654900,"@115834 The Echo Show is supported, please reach us for some live troubleshooting at your convenience: https://t.co/hApLpMlfHN ^DW"
AmazonHelp,2025-07-25T09:29:52.914383,"@115834 Oh no, I'm sorry for the issues! For troubleshooting, please check out our Echo Help pages here: https://t.co/a31c4ynHES ^SG"
AmazonHelp,2025-07-25T09:29:53.093346,@115835 I'm so sorry you didn't receive your parcel! We'd like a chance to look into this with you here: https://t.co/JzP7hlA23B ^SY
AmazonHelp,2025-07-25T09:29:53.268911,@115835 You can also request a call back here Martin https://t.co/zH8UlhTGcc ^KM
AmazonHelp,2025-07-25T09:29:53.444843,@115836 Thanks for bringing this to our attention! Please also leave packing feedback here: https://t.co/PMiShxgPvp so we may improve.^KL
AmazonHelp,2025-07-25T09:29:53.617067,@115838 Oh no! We want to hear more about your experience with AMZL. Please provide your feedback here: https://t.co/hApLpMlfHN ^SH
AmazonHelp,2025-07-25T09:29:53.795780,"@115838 Is there a current order you're having difficulties with? Please let us know, we'd like to help! ^KL"
AmazonHelp,2025-07-25T09:29:53.971093,@115838 Provide your details here: https://t.co/6f6cWZv7vm and my team will escalate the order to Amazon Logistics for feedback. ^EZ
AmazonHelp,2025-07-25T09:29:54.148310,@115839 Let us know if there‚Äôs anything else we can do for you! We're happy to help out any way we can! ^FR
AmazonHelp,2025-07-25T09:29:54.317151,@115839 I'm sorry your book arrived this way! You can find replacement/refund options here: https://t.co/zRrkpVcaDF ^VS
AmazonHelp,2025-07-25T09:29:54.490464,@115840 ¬°Que lindoooooooooo! üòçüê∂üéÉ ^JJ https://t.co/YSOVnjaPrO
AmazonHelp,2025-07-25T09:29:54.751746,"@115842 Oh no! Please contact us via phone/chat here: https://t.co/JzP7hlA23B
We're unable to view order details via Twitter. ^KL"
115842,2025-07-25T09:29:54.839930,"@AmazonHelp delivery I paid for today,didn‚Äôt arrive.why not?i paid enough for it.where is it??I‚Äôm unhappy.refund the delivery charge"
AmazonHelp,2025-07-25T09:29:54.928216,@115843 You're not lion! She even shows witch way is up! That's quite the wardrobe! ^AC
AmazonHelp,2025-07-25T09:29:55.185802,@115844 Oh my! I'm sorry for the troubles! Contact us by Phone or Chat: https://t.co/JzP7hlA23B &amp; we'll be glad to help! ^FR
AmazonHelp,2025-07-25T09:29:55.618947,@115846 That's okay! Thanks for checking! Please contact us by phone or chat and we can look into this: https://t.co/hApLpMlfHN ^BN
AmazonHelp,2025-07-25T09:29:55.972214,@115848 I'm sorry for the trouble this has caused you; please contact us so we may lend you a hand: https://t.co/hApLpMlfHN ^WM
115848,2025-07-25T09:29:56.061886,@115821  https://t.co/Gb0beuA3IN
115848,2025-07-25T09:29:56.151247,How @115821 packages china https://t.co/fO9vbus18E
AmazonHelp,2025-07-25T09:29:56.236651,@115849 Please share your details here:https://t.co/GIJyeYqKE0 and I'll get back to you. 2/2 ^HD
AmazonHelp,2025-07-25T09:29:56.411524,@115849 Thanks for confirming that the details have been shared. Our team will give it a look and reach out shortly. ^AB
AmazonHelp,2025-07-25T09:29:56.589325,@115849 Please report this to our support team here: https://t.co/TdDksLo6Mf and we'll look into this. 2/2 ^HD
AmazonHelp,2025-07-25T09:29:56.760415,@115852 We still offer discounts on eligible physical game pre-orders. For further details on Prime benefits: https://t.co/80y2YnlQGJ ^MB
AmazonHelp,2025-07-25T09:29:56.933442,@115853 I'm sorry we let you down! We'd like to make sure this is addressed. Please provide some details here: https://t.co/z6evtFsZI5 ^BN
115853,2025-07-25T09:29:57.018796,Just pulled another #Amazon delivery out of the bushes since the #amzl people can‚Äôt walk the extra 2 ft to my door. So tired of this.
AppleSupport,2025-07-25T09:29:57.107027,@115854 We're here for you. Which version of the iOS are you running? Check from Settings &gt; General &gt; About.
AppleSupport,2025-07-25T09:29:57.280919,@115854 Lets take a closer look into this issue. Select the following link to join us in a DM and we'll go from there. https://t.co/GDrqU22YpT
AppleSupport,2025-07-25T09:29:57.540238,@115855 Let's go to DM for the next steps. DM us here: https://t.co/GDrqU22YpT
115855,2025-07-25T09:29:57.626746,@AppleSupport Tried resetting my settings .. restarting my phone .. all that
AppleSupport,2025-07-25T09:29:57.711741,@115855 Any steps tried since it started last night?
115855,2025-07-25T09:29:57.800403,@AppleSupport This is what it looks like https://t.co/XCQU2l4xUB
AppleSupport,2025-07-25T09:29:57.886230,@115855 That's great it has iOS 11.1 as we can rule out being outdated. Any steps tried since this started? Do you recall when it started?
115855,2025-07-25T09:29:57.974611,@AppleSupport IÔ∏è have an iPhone 7 Plus and yes IÔ∏è do
AppleSupport,2025-07-25T09:29:58.063404,@115855 We'd like to look into this with you. Which model do you have and is iOS 11.1 installed? Any steps tried so far?
115855,2025-07-25T09:29:58.151196,@AppleSupport IÔ∏è need answers because it‚Äôs annoying üôÉ
115855,2025-07-25T09:29:58.240103,Why are my I‚Äôs question marks ?
115855,2025-07-25T09:29:58.325343,What is up with this ‚Äú IÔ∏è ‚Äú
AppleSupport,2025-07-25T09:29:58.410795,"@115856 Hey, let's work together to figure out what's going on. Meet us in DM and we'll continue from there. https://t.co/GDrqU22YpT"
115856,2025-07-25T09:29:58.500337,@AppleSupport Just sent you all my DM
115856,2025-07-25T09:29:58.586766,"Hey @AppleSupport and anyone else who upgraded to ios11.1, are y‚Äôall having issues with capital ‚ÄúIÔ∏è‚Äù in the Mail app? As it puts in ‚ÄúA‚Äù?"
AppleSupport,2025-07-25T09:29:58.676156,@115857 We'd like to investigate further with you. Send us a DM and we can troubleshoot more from there. https://t.co/GDrqU22YpT
115857,2025-07-25T09:29:58.761730,@AppleSupport This is what is happening... https://t.co/X3SZSJXfAT
AppleSupport,2025-07-25T09:29:58.849346,"@115857 Fill us in on what is happening, then we can help out from there."
115857,2025-07-25T09:29:58.937948,Tf is wrong with my keyboard @115858
AppleSupport,2025-07-25T09:29:59.022174,@115859 We've received your DM and will continue there.
AppleSupport,2025-07-25T09:29:59.199378,@115859 What's going on? We're hapy to help if we can. https://t.co/GDrqU22YpT
AppleSupport,2025-07-25T09:29:59.379229,"@115860 Reach out to us via DM, and we can take a look at this with you. https://t.co/GDrqU22YpT"
AppleSupport,2025-07-25T09:29:59.729673,"@115861 You're in the right place; we'll do all we can to help. To start, let us know what iOS version is installed via DM: https://t.co/GDrqU22YpT"
AppleSupport,2025-07-25T09:29:59.903443,@115863 Go ahead and send us a DM please. Let us know the country you're in.
115863,2025-07-25T09:29:59.993242,@AppleSupport I‚Äôve got a screenshot saying my #iPhoneX is reserved for the 3rd then an email saying it‚Äôs the 18th... what happened?
VerizonSupport,2025-07-25T09:29:26.302240,"@115723 Is the light on top red?
^JAY"
VerizonSupport,2025-07-25T09:29:26.471385,"@115723 Did the lights change on the router when this happened?
^JAY"
VerizonSupport,2025-07-25T09:29:26.644156,"@115723 Do you have our Fios service?  When services go out, does the internet light on the router change color? ^BCW"
VerizonSupport,2025-07-25T09:29:26.818227,"@115723 Are all your services cutting out?
^ACM"
VerizonSupport,2025-07-25T09:29:26.990288,@115723 What did we do to make you feel this way and how can we fix things between us? ^KMG
VerizonSupport,2025-07-25T09:29:27.167876,"@115724 In what area are you located? All of your services are down at this time?
^HSB"
VerizonSupport,2025-07-25T09:29:27.337888,"@115727 Which app are you referring too? 
^ACM"
ChipotleTweets,2025-07-25T09:29:27.513907,@115728 I still think you look great! -Becky
ChipotleTweets,2025-07-25T09:29:27.784015,@115729 I'm so sorry about that. Please tell us more so we can help: https://t.co/Ax7W1Dx3Y9 -Becky
ChipotleTweets,2025-07-25T09:29:27.956921,@115730 Hopefully we'll get there at some point! -Becky
ChipotleTweets,2025-07-25T09:29:28.137168,@115731 Guac on! I'm happy it was such a great experience. -Becky
115731,2025-07-25T09:29:28.223898,"@ChipotleTweets I had excellent service tonight too! Plenty of people on the line, went very fast, everyone was kind!"
ChipotleTweets,2025-07-25T09:29:28.313987,@115731 It's because you're smart. -Tara
115731,2025-07-25T09:29:28.404034,When you're the only one in costume #boorito @ChipotleTweets
ChipotleTweets,2025-07-25T09:29:28.491363,@115732 That's incredibly concerning. Please tell us more here: https://t.co/Ax7W1Dx3Y9 -Becky
ChipotleTweets,2025-07-25T09:29:28.669662,@115733 Nope! Still just the $3. -Becky
ChipotleTweets,2025-07-25T09:29:28.848903,Just stop by in costume 10/31 3pm-close. Official rules: https://t.co/1HmW7QxwEh https://t.co/Wn0xErxC2z
ChipotleTweets,2025-07-25T09:29:28.938994,"@115734 I mean, Boorito is basically the adult version of Halloween... -Becky"
115734,2025-07-25T09:29:29.027300,"Happy Halloween! Since I'm too old to trick or treat I now look forward to $3 booritos at @ChipotleTweets üëª I got mine earlier, did you?"
ChipotleTweets,2025-07-25T09:29:29.111707,@115735 I'm so glad we could help. Who did you work with? I'd like to share the praise. -Becky
115735,2025-07-25T09:29:29.202092,@ChipotleTweets Thank you @ChipotleTweets for resolving my issue so quickly!! Y‚Äôall are the best ‚ò∫Ô∏è #fanforlife
115735,2025-07-25T09:29:29.287322,So frustrated with @ChipotleTweets üò° Ordered dinner on Saturday using their app. Order was wrong AND they charged my credit card twice
ChipotleTweets,2025-07-25T09:29:29.372447,@115736 All of our U.S. locations are participating! -Becky
ChipotleTweets,2025-07-25T09:29:29.546377,@115737 My apologies for that. Just sent you a DM to help. -Becky
115737,2025-07-25T09:29:29.636041,"@ChipotleTweets Tried, didn't work. How rude :/"
ChipotleTweets,2025-07-25T09:29:29.724626,@115737 Give it a try. -Tara
115737,2025-07-25T09:29:29.813099,@ChipotleTweets can I dress up as myself and still qualify for a BOORITO?
ChipotleTweets,2025-07-25T09:29:29.898695,"@115738 That's the best kind of trick-or-treating. All treats, my friend. -Becky"
ChipotleTweets,2025-07-25T09:29:30.076198,@115739 That's incredibly concerning. Please provide more details so we can investigate: https://t.co/Ax7W1Dx3Y9 -Becky
ChipotleTweets,2025-07-25T09:29:30.251208,@115740 Bummer. I'm so sorry. How far away is the closest location? -Becky
115740,2025-07-25T09:29:30.339102,$3 burritos and I‚Äôm nowhere near a @ChipotleTweets ü§¶üèæ‚Äç‚ôÇÔ∏è
ChipotleTweets,2025-07-25T09:29:30.427424,@115741 Noted üòä -Becky
ChipotleTweets,2025-07-25T09:29:30.695556,"@115741 You won't be alone ‚Äì we'll be there with you. Also, I want that llama onesie. -Becky"
ChipotleTweets,2025-07-25T09:29:30.870408,@115742 I love it! Thanks so much for stopping by. -Becky
115745,2025-07-25T09:29:31.395920,@AskPlayStation It was when I would go to download it. I just waited a few hours till after I bought it and it downloaded now.
115745,2025-07-25T09:29:31.570229,@AskPlayStation I bought Lego Star Wars in the PlayStation store but it won't let me download it because the data is corrupted..
115750,2025-07-25T09:29:32.888564,Excellent Halloweening @marksandspencer üëåüèº #countcolin #halloween #food https://t.co/lq1cSooHdj
ATVIAssist,2025-07-25T09:29:33.411286,@115753 It appears this has been removed. Thanks for letting me know :) ^MB
ATVIAssist,2025-07-25T09:29:33.587674,"@115755  No problem, let us know if you come across any other issues or questions in the future. We are happy to help. ^RK"
ATVIAssist,2025-07-25T09:29:33.764935,@115756  Hello there. Sorry for the late response. I am just checking if you still in need assistance. Please let me know. ^RN
ATVIAssist,2025-07-25T09:29:33.944510,@115755 Yes you can pre order the game on the console store. For more information please contact your console store. ^RK
ATVIAssist,2025-07-25T09:29:34.123638,"@115757 Good afternoon William, unfortunately this app is no longer supported. Sincerest apologies. ^JP"
ATVIAssist,2025-07-25T09:29:34.300024,"@115759 Good afternoon Jayden, sadly we don't have information on that. Sincerest apologies. ^JP"
115759,2025-07-25T09:29:34.390041,@115758 Why was there a half gig update for world at war?
ATVIAssist,2025-07-25T09:29:34.479887,@115760 This is awesome! Thank you so much for the support! Love the costumes! ^TV
ATVIAssist,2025-07-25T09:29:34.655494,@115762 Hey there! You can check out this link for more information in regards to this - https://t.co/OZIlONCLtF ^KO
ATVIAssist,2025-07-25T09:29:34.835016,@115762 Did gamestop give you a code with your pre order down payment that you needed to redeem? ^KO
ATVIAssist,2025-07-25T09:29:35.014142,"@115762 Have you redeemed that on your https://t.co/4YBn633EOk account? Even tho it says beta code, your pre order bonus are linked. ^KO"
ATVIAssist,2025-07-25T09:29:35.276696,"@115762 Hello there, I apologize for the delay. Can you clarify where you pre-ordered the game? Please be sure you keep us updated. ^RN"
ATVIAssist,2025-07-25T09:29:35.536806,@115763 Can you please give me your gamertag / platform you're playing on so I can pull up your account information. ^CB
ATVIAssist,2025-07-25T09:29:35.804479,"@115764

Unfortunately we don't have any information on this. Please stay tuned for more updates. ^JW"
AdobeCare,2025-07-25T09:29:35.981059,@115767 Sorry that this isn't more simple... let us know if the steps in the video work out or if you need further help ^Madison
AdobeCare,2025-07-25T09:29:36.155544,@115767 Would you please DM the Adobe Product &amp; your purchase details that you have so that we can ask our experts to follow up. ^Raj https://t.co/iuwZCjz4Or
AdobeCare,2025-07-25T09:29:36.414346,"@115767 Hi Jason, could you please try resetting the preferences of Photoshop &amp; let us know if it helps with the issue https://t.co/j3Dj2HDknM   ^SC"
AdobeCare,2025-07-25T09:29:36.591095,"@115767 Hi Jason, please let us know if there is anything we can do to help. Thanks! ^AJ https://t.co/iuwZCjz4Or"
AdobeCare,2025-07-25T09:29:36.767538,"@115768 Hi Jeffrey, were you able to update to Lightroom Classic CC?   ^Tanuj"
115768,2025-07-25T09:29:36.852403,@AdobeCare nope still down.
AdobeCare,2025-07-25T09:29:36.937382,@115768 Have you tried signing out/back in or reinstalling the CC desktop app? https://t.co/Ne2f7tDTM0 Let us know! ^Madison
115768,2025-07-25T09:29:37.023439,@AdobeCare yes ive done that multiple times. its happened on previous versions as well.
AdobeCare,2025-07-25T09:29:37.108912,@115768 Thanks for confirming. We're looping in an expert who can help you out here. They will reply as soon as they're available. ^Madison
115768,2025-07-25T09:29:37.198159,@AdobeCare ok
115768,2025-07-25T09:29:37.283062,@AdobeCare so..when are they available?
AdobeCare,2025-07-25T09:29:37.372799,@115768 Sorry for this. Let me request the expert to look into this ASAP as he is in office. ^Raj
115768,2025-07-25T09:29:37.461349,@AdobeCare ok. its been very frustrating. i have multiple jobs that i need finished and your application isnt helping.
AdobeCare,2025-07-25T09:29:37.546293,"@115768 Hi Jeffrey, we wanted to check if you had managed to install Lightroom Classic CC. Please let us know if you need further assistance. ^NR https://t.co/iuwZCjz4Or"
115768,2025-07-25T09:29:37.635056,@AdobeCare no its still broken. i deleted it and will probably be getting rid of my membership and return when its working properly. thanks
AdobeCare,2025-07-25T09:29:37.720995,@115768 Jeffrey did you use the process listed in https://t.co/ccvXXUvXuT to delete Lightroom Classic CC? ^Jeff
115768,2025-07-25T09:29:37.810337,@AdobeCare ill just wait for the next big update. ive wasted my time and patience with adobe products
AdobeCare,2025-07-25T09:29:37.900347,@115768 Jeffrey I am sorry to hear that. If you face future errors please review the installation logs. https://t.co/okPwBIqSxR ^Jeff
115768,2025-07-25T09:29:37.985221,@AdobeCare yea ive done everything you guys told me to do. i know its not my mac either as i have the retina imac which is fairly new.
AdobeCare,2025-07-25T09:29:38.072770,"@115768 Hi there, I am looping our expert team to help answer your question. Thanks! ^MC"
115768,2025-07-25T09:29:38.159473,@AdobeCare you guys have been saying that for weeks now. your product went from being great to now unable to work and terrible. very disappointed.
115768,2025-07-25T09:29:38.244404,@115769 whats going on with your app. its totally stuck here for 1 hour and prior to updating froze and didnt work since updating. https://t.co/UpoCzPNqFb
XboxSupport,2025-07-25T09:29:38.937171,"@115771 Hi, you can change your Microsoft account email through the steps here: https://t.co/DkEhOHbOYy . If the email your son wants to change to is already associated with a Microsoft account, you'll need to follow those steps to switch the email address on that account too. ^ZM"
115771,2025-07-25T09:29:39.026672,"@XboxSupport can I change me sons Xbox live account to his Hotmail account, currently linked to my Hotmail account"
AdobeCare,2025-07-25T09:29:39.116133,"@115772 Hi there, Lightroom 7.0.1 update was launched recently, please update the app to the latest version.  ^TS"
AdobeCare,2025-07-25T09:29:39.295348,"@115773 Hi there, please DM us you Adobe id so that we may have a quick look at your account details.   ^Tanuj https://t.co/iuwZCjz4Or"
AdobeCare,2025-07-25T09:29:39.471971,"@115774 Hi there, you may suggest it as a feature request at: https://t.co/SE1u3g161W .  ^Tanuj"
AdobeCare,2025-07-25T09:29:39.648081,"@115775 Thanks for sharing the file, we'll get back to you with updates as we investigate. ^Wren"
AdobeCare,2025-07-25T09:29:39.827104,"@115776 Unfortunately, we are not able to reproduce it at our end. I'll still be checking with the development team to find out more on this. ^OM https://t.co/3giRhN4vNJ"
AdobeCare,2025-07-25T09:29:40.006343,"@115776 Hi Keelin,
Sorry for the inconvenience. I am able to export SVG in AI CC 2018. Would you mind sharing your workflow, sample file/screenshot? https://t.co/iuwZCjz4Or"
AdobeCare,2025-07-25T09:29:40.176734,"@115779 Hi Duncan, please update Lightroom to 6.13 from the following link: https://t.co/9vaI2tzHd6 .  ^Tanuj"
115779,2025-07-25T09:29:40.260546,@115769 I'm worried as if I update my LR6 standalone programme I could lose it due to the new online version....is this true and if so is this fair!
AdobeCare,2025-07-25T09:29:40.433367,"@115780 Hi Lauren, can you try changing your forum screen name at https://t.co/gF69gbjWAQ? That should do the trick! ^Madison"
AdobeCare,2025-07-25T09:29:40.612048,"@115781 Hi Jake, any screenshots you can share? What are you export settings? Is this happening on all files with links? ^Wren"
115781,2025-07-25T09:29:40.700223,"@AdobeCare Here is an example of an export before and after. Export settings are unchanged from default. No, only some files. https://t.co/YbCX6dmddc"
AdobeCare,2025-07-25T09:29:40.785106,"@115781 Hi Jack, is there any way you could send me a file to try exporting on my end to try and replicate? ^Wren https://t.co/iuwZCjz4Or"
AdobeCare,2025-07-25T09:29:40.870158,"@115781 Hi Jack, we're looping the expert back into this conversation. Thanks! ^AJ"
115781,2025-07-25T09:29:40.961380,@AdobeCare Solved this via phone support
115781,2025-07-25T09:29:41.046658,"@AdobeCare InDesign 13.0 is exporting all PDFs with blurry links, but links are not missing in INDD file. JPG export is not blurry. Help!"
115782,2025-07-25T09:29:41.225015,@AirbnbHelp I've just sent you a message with details. Thanks for your help
115782,2025-07-25T09:29:41.398692,"Quand ton @115783 ne ressemble pas √† celui que tu as r√©serv√©, &amp; qu'en + d'√™tre sale et en sous-sol, tu te retrouves √† 10 dans 1 #logement ! https://t.co/BcEIHe38tq"
XboxSupport,2025-07-25T09:29:41.666985,@115785 Hi there! We'd recommend reaching out to the chat team here: https://t.co/UrUi80i54l ^JA
XboxSupport,2025-07-25T09:29:41.842978,@115785 We'd recommend keeping an eye out on your email that is associated with your account for further info.  ^JA
XboxSupport,2025-07-25T09:29:42.102970,"@115785 @115786 Did you pre-order this console via the Microsoft store? If so, then let's have you reach out here: https://t.co/jY7fDjTzLd ^JA"
XboxSupport,2025-07-25T09:29:42.540395,@115789 Hello! Would you mind following us and sending a DM with your gamertag and the code you redeemed?  ^RR
XboxSupport,2025-07-25T09:29:42.715567,@115791 Can you show us what is appearing on your screen? ^RM
nationalrailenq,2025-07-25T09:29:43.146510,"@115793 @115794 Hi. Emergency services are dealing with an incident, info here: https://t.co/XSpQ4dhtvk"
115795,2025-07-25T09:29:43.411030,"@115794 @115796 Nothing, partner was on a train to Preston had to get a Taxi rest of way as was told no trains into Preston for a few hours"
115795,2025-07-25T09:29:43.585952,Something going on at Preston train station ? @115796
AirAsiaSupport,2025-07-25T09:29:43.674822,"@115797 Hi Loreen,kindly DM us your booking number and attach guest passport copy, we'll fix it for you, see you there!- Anwar"
115797,2025-07-25T09:29:43.763530,@AirAsiaSupport Hi! I have DM u my booking # and passport picture thanks so much for quick action
AirAsiaSupport,2025-07-25T09:29:43.850683,"@115797 Hi Loreen,correction done! :) See you on board! Cheers!- Anwar"
115797,2025-07-25T09:29:43.935992,@AirAsiaSupport thank you very much..
115797,2025-07-25T09:29:44.024693,@AirAsiaSupport Hi! i would like to know on my itenerary on how the birthday can be seen. i would like to double check if i can key in our birthdays right üôÇ
AirAsiaSupport,2025-07-25T09:29:44.111465,"@115797 Hi Loreen, you may check the passenger's date of birth via AirAsia member account under manage booking. Thanks-Sha"
115797,2025-07-25T09:29:44.198975,@AirAsiaSupport but i cant see it. i only see itenerary.. no birthday
AirAsiaSupport,2025-07-25T09:29:44.287542,@115797 As you may check it under manage my booking online or during web check in. Date of birth will be shown accordingly.- Ed
115797,2025-07-25T09:29:44.373451,@AirAsiaSupport Hi Airasia. i want to rebook my return flight. but when i try rebooking my inbond also is rebooking. please help me. thanks
AirAsiaSupport,2025-07-25T09:29:44.463312,@115797 Hi Loreen :) Kindly DM us the booking number that you wish to do change flight for us to assist you further-Thanks-Anwar
115797,2025-07-25T09:29:44.548510,@AirAsiaSupport hi!  I have booked my ticket and when i see my itenary has been redundant i call ur customer service to assist but out of line.
AirAsiaSupport,2025-07-25T09:29:44.638346,@115797 Sorry as we checked booking has already expired due to no payment made. Kindly please proceed with new booking - Ed
115797,2025-07-25T09:29:44.724818,@AirAsiaSupport lost my booking # chua loreen lee flight z2 129.128 12/22-01/8 taipei-manila. __email__
AirAsiaSupport,2025-07-25T09:29:44.901374,"@115799 Hi Emma, Could you please follow us so we can DM you again with the email reply sent to you  =) Yana"
AirAsiaSupport,2025-07-25T09:29:45.075613,"@115799 Hi Emma, We have replied to you via DM. please check again, Thank you- Mariya"
AirAsiaSupport,2025-07-25T09:29:45.249237,@115799 We have replied to you via DM. Check it out =) Yana
AirAsiaSupport,2025-07-25T09:29:45.429389,@115800  notified if there should be any changes-Yana
AirAsiaSupport,2025-07-25T09:29:45.694461,@115800 We are terribly sorry but we could not offer any options since all the flight are operating as per normal.Passengers will be
AirAsiaSupport,2025-07-25T09:29:45.783969,"@115797 Hi Looreen :) Kindly DM us the booking number and attach guest passport copy, we'll fix it for you, see you there! -Anwar"
115797,2025-07-25T09:29:45.873236,@AirAsiaSupport my surname has been redundant where do i go to correct it?
AirAsiaSupport,2025-07-25T09:29:45.963197,@115797 H
Morrisons,2025-07-25T09:29:46.049010,@115803 Please don't tell me Carol!! I can't wait to go home &amp; find out!! - Chloe
Morrisons,2025-07-25T09:29:46.224476,@115803 Somebody else has told me!! I'm gutted :( - Chloe
Morrisons,2025-07-25T09:29:46.398595,"@115803 Don't you worry Carol, my lips are shut!! - Chloe"
Morrisons,2025-07-25T09:29:46.656551,"@115804 Hi there, sorry about that. Please DM me when you visited the store and I'll look into this. Thanks - Kirsty"
Morrisons,2025-07-25T09:29:46.826716,@115804 So sorry! Could you send me what store this is in so we can get this to the right people? - Janay
Morrisons,2025-07-25T09:29:46.912168,"@115804 I can see you've sent the store, leave it with us and we'll get this sorted :) - Janay"
Morrisons,2025-07-25T09:29:47.082940,"@115805  store you bought it from, along with your address and More Card number and I'll get this sorted for you. Thanks - Kirsty"
Morrisons,2025-07-25T09:29:47.251893,"@115805 Hi Emma, sorry about that. If a product is reduced then the previous offer isn't applied. Please DM me the barcode and the"
115807,2025-07-25T09:29:47.859147,@AskAmex I‚Äôve asked your sales rep about the payments and she wasn‚Äôt ready to listen to any issues that I had.
115807,2025-07-25T09:29:48.031868,@AskAmex Sure. Please drop me a message now.
115807,2025-07-25T09:29:48.203034,@AskAmex Amex Platinum and Amex everyday card.
115807,2025-07-25T09:29:48.379300,@AskAmex Nope. They weren‚Äôt ready to listen what I wanted to say and if I had any questions about anything else and hung up on me.
115807,2025-07-25T09:29:48.550002,@AskAmex Thought Amex values their customers. But boy you got really bad reps on the customer service.
115808,2025-07-25T09:29:48.722651,@McDonalds Treat!
115809,2025-07-25T09:29:48.986355,@McDonalds Treat me!
115810,2025-07-25T09:29:49.162407,@McDonalds Can I get uhhhhhhhhhh... treat?
115813,2025-07-25T09:29:49.514208,@AskLyft I have to be at work at 2pm tomorrow. My new phone is being overnighted but it may not be there until then. I have no other ride.
UPSHelp,2025-07-25T09:29:49.604344,@115814 Please let us know how we can help and DM your tracking # using this link. ^MC https://t.co/wKJHDXWGRQ
UPSHelp,2025-07-25T09:29:49.776407,@115815 I'm sorry to hear that. Let us know what happened and if you have a tracking # please send that too. ^MC https://t.co/wKJHDXWGRQ
115822,2025-07-25T09:29:51.076395,@115823 I want my amazon payments account CLOSED.  dm me please.
115827,2025-07-25T09:29:51.593934,@AmazonHelp @115826 Yeah this is crazy we‚Äôre less than a week away and still no Shipping Information on something that we Pre-ordered back in August
115829,2025-07-25T09:29:52.037058,"@115830 my package was ‚Äòaccidentally‚Äô opened.. 4 items missing worth ¬£97.
You need better delivery drivers!! https://t.co/f6SaVBSMqM"
115831,2025-07-25T09:29:52.209202,@115821 @AmazonHelp why is my order at my local courier for the last 6 days and still hasn‚Äôt been delivered to me?? Over 1 week late üò°
115832,2025-07-25T09:29:52.388120,"Thanks for the style advice, @115833 look ...I think? #Halloween2017 #flamingo https://t.co/XvI54La043"
115835,2025-07-25T09:29:53.182801,@AmazonHelp That page is useless - doesn‚Äôt allow me to state it hasn‚Äôt been delivered; only tells me it has! How can you sort this out?
115835,2025-07-25T09:29:53.357057,.@AmazonHelp Item has not been delivered but tracking says it was handed to me over an hour ago... 2nd time this has happened. Sort it out https://t.co/42W82GcARk
115838,2025-07-25T09:29:53.706481,"@AmazonHelp I don't want a form to fill out that logs a response no one reads. I want to prevent AMZL from touching my stuff. Possible, or no?"
115838,2025-07-25T09:29:53.885347,@AmazonHelp Already started the return. UPS gets it from my doorstep tomorrow. Order 111-5014070-4118645
115838,2025-07-25T09:29:54.058217,@AmazonHelp Is it possible to prevent AMZL from delivering my packages moving forward? Stuff is either lost/stolen/broken EVERY time.
115839,2025-07-25T09:29:54.232655,"@AmazonHelp Already handled, just venting. It was a pretty big bummer."
115839,2025-07-25T09:29:54.406598,"@115821, it‚Äôd be nice if the book I waited 4 months for wasn‚Äôt damaged inside of an undented box. #twinpeaks #twin‚Ä¶ https://t.co/Lac4K7iQzJ https://t.co/JroqJKrH9Q"
115841,2025-07-25T09:29:54.666742,CONCURSO üëªüéÉ:Tarjetas regalo en @115821 por tu foto en la cama disfrazado y #ColchonMorfeoHalloween en los post promo:https://t.co/xAsY6KwLZa https://t.co/7yOZvlwBwN
115845,2025-07-25T09:29:55.446545,@115844 WHAT IN THE WORLD?!
115847,2025-07-25T09:29:55.794259,@115846 @115821 Remember my head phones and they brought them within minutes
115852,2025-07-25T09:29:56.847854,@AmazonHelp since when you stop giving 20% off videogame pre-orders (amazon prime members) im confused? why?
115859,2025-07-25T09:29:59.109359,@AppleSupport are the call centres closed for the night?
115859,2025-07-25T09:29:59.289068,@115858 @AppleSupport hello are all the lines closed for tonight #help
115860,2025-07-25T09:29:59.468643,@115861 @115862 @AppleSupport IÔ∏è upgraded. IÔ∏èt didn‚Äôt work.
115861,2025-07-25T09:29:59.556378,@115862 @AppleSupport I will!
115861,2025-07-25T09:29:59.818760,"Hello, internet. Can someone explain why this symbol keeps appearing on my phone and when IÔ∏è try to type the letter IÔ∏è? Also @AppleSupport https://t.co/QKwvTLtiN7"
115722,2025-07-25T09:29:26.133483,"@115721 Are you referring to wireless or residential service?
^JAY"
115721,2025-07-25T09:29:26.218384,"@115722 tried to pay a bill for 60 days. No service, rude CS, and several transfers. Look up my equipment # and give me an acct #!"
115727,2025-07-25T09:29:27.426543,@115725 fix your app it won't even open
115728,2025-07-25T09:29:27.604055,@ChipotleTweets @ChipotleTweets Becky is very nice
115728,2025-07-25T09:29:27.694055,"@ChipotleTweets @28 
I don't fit in my Veggie Burrito costume #Halloween https://t.co/7tJDVpzLWn"
115730,2025-07-25T09:29:28.046886,hey @ChipotleTweets wanna come to Mammoth. I'll at least eat there once a week i promise
115732,2025-07-25T09:29:28.581036,@ChipotleTweets no Diet Coke and a literal bone this Boorito was extra spooky! https://t.co/C4oCCtdUct
115736,2025-07-25T09:29:29.457520,"Btw @ChipotleTweets giving out $3 burritos if you dress up for Halloween üéÉ Call your Chipotle to make sure, they‚Äôre doing it @ select ones"
115741,2025-07-25T09:29:30.516978,@ChipotleTweets Also I got the onesie at target. So cozy
115741,2025-07-25T09:29:30.606987,@ChipotleTweets Thanks Becky! Just feeling sorry for myself because my fianc√© is driving from D.C. To Mississippi tonight
115741,2025-07-25T09:29:30.785069,Considering walking to @ChipotleTweets in my llama onesie alone happy Halloween üò≠
115742,2025-07-25T09:29:30.959852,@ChipotleTweets name a better halloween duo #speedwaybrick #UTtranscript https://t.co/5ShDRMlC1T
AskPlayStation,2025-07-25T09:29:31.045053,@115743 There is no info to share at the moment. Feel free to keep an eye on the PS Blog for news and updates: https://t.co/aLtfBAztyC
115744,2025-07-25T09:29:31.131184,@AskPlayStation @115743 Can I get help already??
115743,2025-07-25T09:29:31.216298,"@AskPlayStation So, what's the november ps plus free game?"
AskPlayStation,2025-07-25T09:29:31.305836,"@115745  Glad to know that is downloading, please feel free to contact us if you have further concerns."
AskPlayStation,2025-07-25T09:29:31.483923,@115745 Sorry for the inconvenience. Do you see the data corrupted message when you try to open the game or download it?
AskPlayStation,2025-07-25T09:29:31.657667,@115746  Glad to help.  Please share the details of this issue in our Community forum for further investigation: https://t.co/F3J4l2vJHb
marksandspencer,2025-07-25T09:29:31.832730,"@115747 Glad you had fun, Sarah! We heard Count Collin can really suck the life out of the party  . . . :P"
marksandspencer,2025-07-25T09:29:32.009097,"@115748 We've let our team know we can do better, Joel. Thanks for sharing :)"
115748,2025-07-25T09:29:32.095041,"‚ÄòEre @marksandspencer, never mind avocado ü•ë - How‚Äôs about ‚Äòave a word?
Is it really necessary? 

The pair of ‚Äòem were suffocating. https://t.co/ff2bmOVido"
marksandspencer,2025-07-25T09:29:32.181257,"@115749 We're only obligated to provide bags for un-packaged meat. As ours is prepackaged, a charge will be applied"
marksandspencer,2025-07-25T09:29:32.357272,"@115749 As our packaging is sufficient, any extra wrappings or bags does require an extra 5p charge as per legislation. Thanks"
marksandspencer,2025-07-25T09:29:32.800366,@115750 Love the aesthetic of your Colin the 'Creeperpillar' and someday.... üêõü¶ãüëª https://t.co/LFubix5E4y
115752,2025-07-25T09:29:33.322416,@MicrosoftHelps I need assistance recovering 2 hotmail accounts. I have  filled the recovery forms but am told am not providing enough info
115753,2025-07-25T09:29:33.500191,@ATVIAssist @115754 umm someone is streaming WWII with 500+ viewers https://t.co/AhBT7AZZSz
115757,2025-07-25T09:29:34.210002,@115758 @ATVIAssist Are yous going to update COD Zombies on IOS for IOS 11.
115760,2025-07-25T09:29:34.567895,@108162 @115761 @ATVIAssist tried that there was people so i came back
115762,2025-07-25T09:29:34.744912,"@ATVIAssist So, when I go get the game on friday my 2xp code will be on the receipt?"
115762,2025-07-25T09:29:34.924317,"@ATVIAssist Yes, the beta code"
115762,2025-07-25T09:29:35.099414,"@ATVIAssist Yes I have, so my code is on their?"
115762,2025-07-25T09:29:35.189009,@ATVIAssist I pre ordered my game at game stop
115762,2025-07-25T09:29:35.365059,@ATVIAssist For double xp^
115762,2025-07-25T09:29:35.450153,@ATVIAssist i pre ordered wwii but how do i get the code?
115763,2025-07-25T09:29:35.627082,@ATVIAssist Seth_tubbs and I am on PS4
115763,2025-07-25T09:29:35.716926,@ATVIAssist I got all of my stats reset on MWR and I don't know why. please help!!!
115764,2025-07-25T09:29:35.890924,"@115754 @115765 @ATVIAssist @115766 

Will non season pass holders get the bobus man Carentan at any point? Or not at all?"
115774,2025-07-25T09:29:39.559260,@115769 are there any plans to add a fast crop mode for the iPad version of LR? It takes too many taps and slows down workflow.
115775,2025-07-25T09:29:39.737499,"@AdobeCare @115776 It‚Äôs intermittent for me. This file fails reliably: https://t.co/6m5a1RQEV9

The ‚ÄúCreate subfolder‚Äù option just makes an empty ‚Äúsvg‚Äù folder"
115776,2025-07-25T09:29:39.916567,"@AdobeCare Seems pretty widespread: https://t.co/ImomzTHO5j

Don't mean to be a jerk, but it's frustrating when an update breaks core functionality."
115776,2025-07-25T09:29:40.092771,So apparently the new version of @115777 @115778 has this cool feature where you can't export SVGs. Sick update guys.
115769,2025-07-25T09:29:40.344714,"Whoa! Come along with Lightroom‚Äôs own Ben Warde to get the lowdown: https://t.co/f1FGfdJaNk
https://t.co/6fsIV6WLRV"
AirbnbHelp,2025-07-25T09:29:41.136537,@115782 Thank you for that. We have responded to your DM with more information.
AirbnbHelp,2025-07-25T09:29:41.312171,"@115782 Hi there, we would like to help. Please DM us your account's email and reservation code so we can further assist. Thank you."
AirbnbHelp,2025-07-25T09:29:41.488460,@115784 We are sorry to hear this. Please DM your email address and reservation code so we can look into this for you. Thank you.
115784,2025-07-25T09:29:41.577376,@115783 Misrepresentation by host. Asked them to cancel my reservation and refund me over AUD1700 - strict policy. No response. Please help.
115789,2025-07-25T09:29:42.626896,@115790 @XboxSupport redeemed a code for fifa points this afternoon and still haven't got it. Why is this?
115794,2025-07-25T09:29:43.322368,@115795 @115796 Ah maybe @115793 could help on this one
115794,2025-07-25T09:29:43.496032,@115795 @115796 What have you seen?
115800,2025-07-25T09:29:45.518765,@115801 @115802 @AirAsiaSupport You'll be even happier to know that the restrictions around the volcano area have been lifted. Enjoy staying at home pal! üòÇüòÇüòÇüòÇ #unlucky
NikeSupport,2025-07-25T09:29:47.336898,"@115806 You're welcome, William. Give us a shout if you need assistance with anything else. Good luck with the NRC app."
NikeSupport,2025-07-25T09:29:47.515494,@115806 While the Coach plans can be weeks in time. It's up to you to decide what fits you best. (2/2)
NikeSupport,2025-07-25T09:29:47.689374,@115806 We got this. Both are beneficial to starting the NRC app. The Audio Guided runs are one time runs. (1/2)
115811,2025-07-25T09:29:49.335359,"@115812 I cant Connect my Interactive Broker ( Canada) with yahoo finance App in ios 11, Any suggestions.. ??"
115814,2025-07-25T09:29:49.689298,whats wrong w/ amazon leavin shit outside like ups...ü§î
115816,2025-07-25T09:29:49.946370,"Worth the squeeze: when you‚Äôve got us helping you along the way, owning your own #smallbiz can be quite fruitful! https://t.co/AgBM1TRAcD"
115818,2025-07-25T09:29:50.122349,@Delta DM sent
115818,2025-07-25T09:29:50.209178,@DELTA i booked my flight using delta amex card. Checking in now &amp; was being charged for baggage
115834,2025-07-25T09:29:52.565117,@AmazonHelp Hi ready for some help
115834,2025-07-25T09:29:52.740634,@AmazonHelp Is the Echo Show no longer supported?
115834,2025-07-25T09:29:52.829498,@AmazonHelp Nothing there helped me with the Echo Show
115834,2025-07-25T09:29:53.003610,"Bought an @115821 Echo Show and it won‚Äôt recognize a single @AmazonHelp account in our household. WTF, guys?"
115836,2025-07-25T09:29:53.531677,"In response to your @115830 packing video, this packaging was for a 2ft washing line pole @115837 https://t.co/X21SQHgC0K"
115840,2025-07-25T09:29:54.579817,@115841 @115821 Feliz #Halloween2017 https://t.co/edHbRDnM8x
115843,2025-07-25T09:29:55.013336,@AmazonHelp Aww your reply made her night!
115843,2025-07-25T09:29:55.100409,"Anna Inspired in idea lab at school to be @115821 package being shipped to Narnia! ""Amazon can go anywhere"" according to Anna. https://t.co/TyvKhuu7su"
115844,2025-07-25T09:29:55.271939,@AmazonHelp I just said it's been sorted! I've been refunded! I'm just not impressed with the service any more.
115844,2025-07-25T09:29:55.357864,@115845 They sent the feckin' order to Germany! Some dozy driver is looking for an address in the wrong country! I'm so done with Amazon!
115844,2025-07-25T09:29:55.533407,"I'm NEVER using Amazon again! After waiting in all day as item is ""out for delivery"", they've only gone and sent it to the WRONG COUNTRY!"
115846,2025-07-25T09:29:55.704762,@115847 @115821 Yeah idk the shipping company and it says ‚Äúmike Ziemer‚Äù signed for it in the mail room at our building lol
115846,2025-07-25T09:29:55.882649,My package from @115821 with my Halloween costume was ‚Äúdelivered‚Äù Friday but I don‚Äôt have I so searching everywhere for a last minute idea.
115849,2025-07-25T09:29:56.321904,@AmazonHelp Details sent. Please check.
115849,2025-07-25T09:29:56.500996,@AmazonHelp Already contacted 3-4 times in the last month. But all I got was assurance that matter is escalated &amp; new status will be provided in 1 day!
115849,2025-07-25T09:29:56.674728,@115850 @115821 @AmazonHelp @115851 Order# 3632693-6196346. You couldn't deliver EVEN AFTER A MONTH. You should be ashamed of yourself.
115854,2025-07-25T09:29:57.194782,@AppleSupport The newest update. IÔ∏è made sure to download it yesterday.
115854,2025-07-25T09:29:57.365481,@AppleSupport  https://t.co/NV0yucs0lB
115854,2025-07-25T09:29:57.454713,@AppleSupport why are my IÔ∏è‚Äôs changing not showing up correctly on any of my social media platforms? https://t.co/GyRvpyVnkE
115862,2025-07-25T09:29:59.642455,@AppleSupport @115861 We‚Äôre going to need you to share the answers Angela. IÔ∏è can‚Äôt stand this!
